Workbook

Sheet Dashboard
B2: Student AI Tool — Progress Dashboard
B3: Live counts pull from the WBS sheet — just update the Status column there.
B5: Total Tasks | C5: Not Started | D5: In Progress | E5: Blocked | F5: Done | G5: % Complete
B6: =COUNTA(WBS!A2:A42) -> 41 | C6: =COUNTIF(WBS!I2:I42,"Not Started") -> 41 | D6: =COUNTIF(WBS!I2:I42,"In Progress") -> 0 | E6: =COUNTIF(WBS!I2:I42,"Blocked") -> 0 | F6: =COUNTIF(WBS!I2:I42,"Done") -> 0 | G6: =COUNTIF(WBS!I2:I42,"Done")/COUNTA(WBS!A2:A42) -> 0
B9: Per-Person Summary
B10: Assignee | C10: Total Tasks | D10: Done | E10: In Progress | F10: Not Started | G10: Blocked | H10: Total Effort (d) | I10: Effort Done (d)
B11: Shivanshi | C11: =COUNTIF(WBS!C2:C42,"*Shivanshi*") -> 12 | D11: =COUNTIFS(WBS!C2:C42,"*Shivanshi*",WBS!I2:I42,"Done") -> 0 | E11: =COUNTIFS(WBS!C2:C42,"*Shivanshi*",WBS!I2:I42,"In Progress") -> 0 | F11: =COUNTIFS(WBS!C2:C42,"*Shivanshi*",WBS!I2:I42,"Not Started") -> 12 | G11: =COUNTIFS(WBS!C2:C42,"*Shivanshi*",WBS!I2:I42,"Blocked") -> 0 | H11: =SUMIF(WBS!C2:C42,"*Shivanshi*",WBS!G2:G42) -> 16 | I11: =SUMIFS(WBS!G2:G42,WBS!C2:C42,"*Shivanshi*",WBS!I2:I42,"Done") -> 0
B12: Sreehitha | C12: =COUNTIF(WBS!C2:C42,"*Sreehitha*") -> 12 | D12: =COUNTIFS(WBS!C2:C42,"*Sreehitha*",WBS!I2:I42,"Done") -> 0 | E12: =COUNTIFS(WBS!C2:C42,"*Sreehitha*",WBS!I2:I42,"In Progress") -> 0 | F12: =COUNTIFS(WBS!C2:C42,"*Sreehitha*",WBS!I2:I42,"Not Started") -> 12 | G12: =COUNTIFS(WBS!C2:C42,"*Sreehitha*",WBS!I2:I42,"Blocked") -> 0 | H12: =SUMIF(WBS!C2:C42,"*Sreehitha*",WBS!G2:G42) -> 17 | I12: =SUMIFS(WBS!G2:G42,WBS!C2:C42,"*Sreehitha*",WBS!I2:I42,"Done") -> 0
B13: Shreya | C13: =COUNTIF(WBS!C2:C42,"*Shreya*") -> 10 | D13: =COUNTIFS(WBS!C2:C42,"*Shreya*",WBS!I2:I42,"Done") -> 0 | E13: =COUNTIFS(WBS!C2:C42,"*Shreya*",WBS!I2:I42,"In Progress") -> 0 | F13: =COUNTIFS(WBS!C2:C42,"*Shreya*",WBS!I2:I42,"Not Started") -> 10 | G13: =COUNTIFS(WBS!C2:C42,"*Shreya*",WBS!I2:I42,"Blocked") -> 0 | H13: =SUMIF(WBS!C2:C42,"*Shreya*",WBS!G2:G42) -> 14.5 | I13: =SUMIFS(WBS!G2:G42,WBS!C2:C42,"*Shreya*",WBS!I2:I42,"Done") -> 0
B14: Team | C14: =COUNTIF(WBS!C2:C42,"*Team*") -> 7 | D14: =COUNTIFS(WBS!C2:C42,"*Team*",WBS!I2:I42,"Done") -> 0 | E14: =COUNTIFS(WBS!C2:C42,"*Team*",WBS!I2:I42,"In Progress") -> 0 | F14: =COUNTIFS(WBS!C2:C42,"*Team*",WBS!I2:I42,"Not Started") -> 7 | G14: =COUNTIFS(WBS!C2:C42,"*Team*",WBS!I2:I42,"Blocked") -> 0 | H14: =SUMIF(WBS!C2:C42,"*Team*",WBS!G2:G42) -> 9.5 | I14: =SUMIFS(WBS!G2:G42,WBS!C2:C42,"*Team*",WBS!I2:I42,"Done") -> 0
B17: Phase Progress
B18: Phase | C18: Total Tasks | D18: Done | E18: % Complete
B19: Phase 0 | C19: =COUNTIF(WBS!D2:D42,"Phase 0") -> 6 | D19: =COUNTIFS(WBS!D2:D42,"Phase 0",WBS!I2:I42,"Done") -> 0 | E19: =IF(C19=0,0,D19/C19) -> 0
B20: Phase 1 | C20: =COUNTIF(WBS!D2:D42,"Phase 1") -> 4 | D20: =COUNTIFS(WBS!D2:D42,"Phase 1",WBS!I2:I42,"Done") -> 0 | E20: =IF(C20=0,0,D20/C20) -> 0
B21: Phase 2 | C21: =COUNTIF(WBS!D2:D42,"Phase 2") -> 6 | D21: =COUNTIFS(WBS!D2:D42,"Phase 2",WBS!I2:I42,"Done") -> 0 | E21: =IF(C21=0,0,D21/C21) -> 0
B22: Phase 3 | C22: =COUNTIF(WBS!D2:D42,"Phase 3") -> 4 | D22: =COUNTIFS(WBS!D2:D42,"Phase 3",WBS!I2:I42,"Done") -> 0 | E22: =IF(C22=0,0,D22/C22) -> 0
B23: Phase 4 | C23: =COUNTIF(WBS!D2:D42,"Phase 4") -> 4 | D23: =COUNTIFS(WBS!D2:D42,"Phase 4",WBS!I2:I42,"Done") -> 0 | E23: =IF(C23=0,0,D23/C23) -> 0
B24: Phase 5 | C24: =COUNTIF(WBS!D2:D42,"Phase 5") -> 5 | D24: =COUNTIFS(WBS!D2:D42,"Phase 5",WBS!I2:I42,"Done") -> 0 | E24: =IF(C24=0,0,D24/C24) -> 0
B25: Phase 6 | C25: =COUNTIF(WBS!D2:D42,"Phase 6") -> 4 | D25: =COUNTIFS(WBS!D2:D42,"Phase 6",WBS!I2:I42,"Done") -> 0 | E25: =IF(C25=0,0,D25/C25) -> 0
B26: Phase 7 | C26: =COUNTIF(WBS!D2:D42,"Phase 7") -> 2 | D26: =COUNTIFS(WBS!D2:D42,"Phase 7",WBS!I2:I42,"Done") -> 0 | E26: =IF(C26=0,0,D26/C26) -> 0
B27: Phase 8 | C27: =COUNTIF(WBS!D2:D42,"Phase 8") -> 6 | D27: =COUNTIFS(WBS!D2:D42,"Phase 8",WBS!I2:I42,"Done") -> 0 | E27: =IF(C27=0,0,D27/C27) -> 0

Sheet WBS
A1: Task ID | B1: Task Name | C1: Assignee | D1: Phase | E1: Start Day | F1: End Day | G1: Effort (d) | H1: Depends On | I1: Status | J1: Notes / Acceptance Criteria | K1: GitHub Issue
A2: P0-TEAM1 | B2: Finalize product requirements + system architecture diagram | C2: Team | D2: Phase 0 | E2: D1 | F2: D1 | G2: 1 | H2: — | I2: Not Started | J2: Written to docs/architecture.md — covers auth, ingestion, RAG, scheduling and quiz flow end to end.
A3: P0-SRE1 | B3: Repo scaffold — Next.js + backend service structure, Docker skeleton, .env template | C3: Sreehitha | D3: Phase 0 | E3: D1 | F3: D1 | G3: 1 | H3: — | I3: Not Started | J3: docker compose up boots an empty frontend + backend; matches the agreed folder structure.
A4: P0-SRE2 | B4: Database schema — users, documents, syllabus_topics, sessions, chat_messages, quiz_results | C4: Sreehitha | D4: Phase 0 | E4: D1 | F4: D2 | G4: 1 | H4: P0-SRE1 | I4: Not Started | J4: Migration creates all tables; ERD committed to docs/.
A5: P0-SHI1 | B5: Auth stack decision + login/signup wireframes | C5: Shreya | D5: Phase 0 | E5: D1 | F5: D1 | G5: 1 | H5: — | I5: Not Started | J5: Wireframes cover email/password plus at least one OAuth option; stack choice documented.
A6: P0-SHR1 | B6: LLM + vector-DB stack decision, API key / config management | C6: Shivanshi | D6: Phase 0 | E6: D1 | F6: D2 | G6: 1 | H6: — | I6: Not Started | J6: docs/architecture.md lists the chosen LLM API, embedding model and vector store, with cost/rate-limit notes.
A7: P0-TEAM2 | B7: Agree shared topic-tree JSON schema (subject → unit → topic → subtopic, mastery field) | C7: Team | D7: Phase 0 | E7: D2 | F7: D2 | G7: 0.5 | H7: P0-SRE2 | I7: Not Started | J7: Schema frozen in docs/schema.md; every downstream module builds against this exact shape.
A8: P1-SHI2 | B8: Login / Signup pages (Next.js) | C8: Shivanshi | D8: Phase 1 | E8: D2 | F8: D3 | G8: 1.5 | H8: P0-SHI1 | I8: Not Started | J8: New user can sign up, log in, log out; invalid credentials handled gracefully.
A9: P1-SHI3 | B9: Session handling + protected route middleware | C9: Shivanshi | D9: Phase 1 | E9: D3 | F9: D4 | G9: 1 | H9: P1-SHI2 | I9: Not Started | J9: Unauthenticated users are redirected to login; session persists across a page refresh.
A10: P1-SRE3 | B10: App shell — sidebar, chat window, upload panel (Next.js) | C10: Sreehitha | D10: Phase 1 | E10: D2 | F10: D3 | G10: 1.5 | H10: P0-SRE1 | I10: Not Started | J10: Responsive shell renders with placeholder chat + upload widgets wired to routes.
A11: P1-SRE4 | B11: Backend API scaffold + auth token verification | C11: Sreehitha | D11: Phase 1 | E11: D3 | F11: D4 | G11: 1 | H11: P0-SRE2, P1-SHI2 | I11: Not Started | J11: A protected endpoint rejects requests without a valid session token.
A12: P2-SHR2 | B12: File upload endpoint (PDF/image) + storage | C12: Shreya | D12: Phase 2 | E12: D3 | F12: D4 | G12: 1 | H12: P1-SRE4 | I12: Not Started | J12: Upload accepts pdf/png/jpg, stores the file, returns a document_id.
A13: P2-SHR3 | B13: PDF text extraction pipeline | C13: Shreya | D13: Phase 2 | E13: D4 | F13: D5 | G13: 1 | H13: P2-SHR2 | I13: Not Started | J13: Typed-PDF text is extracted with page numbers preserved.
... A42: P8-TEAM7 | B42: Demo dry-run + final polish | C42: Team | D42: Phase 8 | E42: D24 | F42: D24 | G42: 1 | H42: P8-TEAM6, P8-SHR10 | I42: Not Started | J42: Full run-through: signup, upload, diagnostic, schedule, chat doubt, quiz, replan — no errors.

Sheet Critical Path
A1: Task | B1: Blocks | C1: Note
A2: P0-TEAM2 (topic-tree schema) | B2: P2-SHI4, P3-*, P4-*, P5-*, P6-* | C2: Every downstream module builds on this JSON shape — lock it Day 2, a mid-sprint change forces rework across the whole team.
A3: P2-SHI4 (topic-tree extraction) | B3: P2-SHI5, P3-SRE6, P5-SRE9 | C3: Diagnostic questions, scheduling and RAG all need a real topic tree, not a stub, to be meaningfully tested.
A4: P3-SHI6 (mastery scoring) | B4: P4-SHI7, P6-SHR8 | C4: Both the study schedule and quiz weighting depend on per-topic mastery scores existing first.
A5: P5-SRE9 / P5-SRE10 (vector store + retrieval) | B5: P5-SHR7, chat quality overall | C5: If retrieval quality is poor, doubt-answering degrades to generic LLM answers with no syllabus grounding — test this early with real notes.
A6: P7-TEAM3 (feedback loop) | B6: P8-TEAM5 | C6: The full requested loop — schedule → quiz → replan — can't be demoed end-to-end until this closes.

Sheet Final Checklist
A1: # | B1: Check | C1: Verification | D1: Done?
A2: 1 | B2: Sign up + log in works | C2: New account created, session persists, logout clears it. | D2: No
A3: 2 | B3: Upload a typed PDF | C3: Correct subject + topic tree extracted and shown for confirmation. | D3: No
A4: 3 | B4: Upload a handwritten note | C4: OCR transcribes it and topics are extracted, with a confidence flag on messy scans. | D4: No
A5: 4 | B5: Diagnostic runs | C5: A capped, adaptive set of questions is asked, not a fixed static list. | D5: No
A6: 5 | B6: Mastery scores generated | C6: Every topic in the tree gets a 0–1 mastery score after the diagnostic. | D6: No
A7: 6 | B7: Study schedule generated | C7: Plan is ordered by weak areas first and respects available time input. | D7: No
A8: 7 | B8: Schedule is editable | C8: Student can reorder or reschedule a topic and it persists. | D8: No
A9: 8 | B9: Doubt-answering remembers context | C9: A follow-up question in a later session correctly references an earlier one. | D9: No
A10: 9 | B10: Quiz generated + auto-graded | C10: Quiz targets weak topics; results show a score and rationale per question. | D10: No
A11: 10 | B11: Feedback loop closes | C11: A low quiz score visibly moves that topic earlier in a regenerated schedule. | D11: No

Sheet Open Risks
A1: Risk | B1: Notes
A2: Handwriting OCR accuracy varies widely | B2: Messy handwriting can silently produce a wrong topic tree — surface a confidence flag and let the student correct extracted topics before proceeding.
A3: LLM cost / rate limits | B3: Extraction, diagnostics, chat and quiz generation all call the LLM repeatedly — cache where possible and consider a cheaper model for simple classification steps.
A4: English-only constraint | B4: Add early language detection so non-English notes are rejected with a clear message instead of producing a garbled topic tree.
A5: Context/token budget for long-term memory | B5: Test the summarization strategy (P5-SHI9) explicitly — a bad summary can silently drop syllabus context the student needs later.
A6: Scope size for a 3-person team | B6: This is a full loop: auth + RAG + scheduling + quiz + adaptive replanning. If timeline slips, treat OCR and the auto-replan loop as the first things to descope, not core chat/schedule.
